"Stichtagdatjahr","DatenstandCd","HAArtLevel1Sort","HAArtLevel1Cd","HAArtLevel1Lang","HASTWESort","HASTWECd","HASTWELang","RaumSort","RaumCd","RaumLang","AnzHA","HAPreisWohnflaeche","HAMedianPreis","HASumPreis"
2009,"D",1,"22","Kauf",1,"J","Ja",0,"0","Ganze Stadt","591",7738,790000,569969093
2009,"D",1,"22","Kauf",1,"J","Ja",10,"1","Kreis 1","16",13070,899000,15250500
2009,"D",1,"22","Kauf",1,"J","Ja",11,"011","Rathaus","9",13603,990000,10513000
2009,"D",1,"22","Kauf",1,"J","Ja",12,"012","Hochschulen","0",,,
2009,"D",1,"22","Kauf",1,"J","Ja",13,"013","Lindenhof","4–6",11213,520000,3255000
2009,"D",1,"22","Kauf",1,"J","Ja",14,"014","City","1–3",4600,684926,K
2009,"D",1,"22","Kauf",1,"J","Ja",20,"2","Kreis 2","62",10938,1187500,84527339
2009,"D",1,"22","Kauf",1,"J","Ja",21,"021","Wollishofen","48",11441,1230000,67430197
2009,"D",1,"22","Kauf",1,"J","Ja",23,"023","Leimbach","1-3",6504,930000,2369000
2009,"D",1,"22","Kauf",1,"J","Ja",24,"024","Enge","11–13",9917,1190000,14728142
2009,"D",1,"22","Kauf",1,"J","Ja",30,"3","Kreis 3","27",7798,527000,18498107
2009,"D",1,"22","Kauf",1,"J","Ja",31,"031","Alt-Wiedikon","8",5985,488500,5454607
2009,"D",1,"22","Kauf",1,"J","Ja",33,"033","Friesenberg","8",8362,400000,3520000
2009,"D",1,"22","Kauf",1,"J","Ja",34,"034","Sihlfeld","11",8209,850000,9523500
2009,"D",1,"22","Kauf",1,"J","Ja",40,"4","Kreis 4","17",5526,400000,6671000
2009,"D",1,"22","Kauf",1,"J","Ja",41,"041","Werd","0",,,
2009,"D",1,"22","Kauf",1,"J","Ja",42,"042","Langstrasse","7",6867,430000,3481000
2009,"D",1,"22","Kauf",1,"J","Ja",44,"044","Hard","10",5423,340000,3190000
2009,"D",1,"22","Kauf",1,"J","Ja",50,"5","Kreis 5","16",11405,1158913,16510166
2009,"D",1,"22","Kauf",1,"J","Ja",51,"051","Gewerbeschule","4",8931,517500,2845000
2009,"D",1,"22","Kauf",1,"J","Ja",52,"052","Escher Wyss","12",12477,1210000,13665166
2009,"D",1,"22","Kauf",1,"J","Ja",60,"6","Kreis 6","42",10340,1185000,50360969
2009,"D",1,"22","Kauf",1,"J","Ja",61,"061","Unterstrass","11",9643,725000,9413449
2009,"D",1,"22","Kauf",1,"J","Ja",63,"063","Oberstrass","31",11000,1280000,40947520
2009,"D",1,"22","Kauf",1,"J","Ja",70,"7","Kreis 7","106",11854,1240000,151266345
2009,"D",1,"22","Kauf",1,"J","Ja",71,"071","Fluntern","31",13415,1650000,56523000
2009,"D",1,"22","Kauf",1,"J","Ja",72,"072","Hottingen","31",13438,1400000,50481345
2009,"D",1,"22","Kauf",1,"J","Ja",73,"073","Hirslanden","9",11429,1200000,11035000
2009,"D",1,"22","Kauf",1,"J","Ja",74,"074","Witikon","35",7716,831000,33227000
2009,"D",1,"22","Kauf",1,"J","Ja",80,"8","Kreis 8","22",11289,1080000,24228000
2009,"D",1,"22","Kauf",1,"J","Ja",81,"081","Seefeld","9",10638,1050000,8210000
2009,"D",1,"22","Kauf",1,"J","Ja",82,"082","Mühlebach","8",11914,937500,9608000
2009,"D",1,"22","Kauf",1,"J","Ja",83,"083","Weinegg","5",11917,1200000,6410000
2009,"D",1,"22","Kauf",1,"J","Ja",90,"9","Kreis 9","28",7106,548000,15626250
2009,"D",1,"22","Kauf",1,"J","Ja",91,"091","Albisrieden","23",7836,605000,13318890
2009,"D",1,"22","Kauf",1,"J","Ja",92,"092","Altstetten","5",6027,440000,2307360
2009,"D",1,"22","Kauf",1,"J","Ja",100,"10","Kreis 10","85",7692,815000,73783700
2009,"D",1,"22","Kauf",1,"J","Ja",101,"101","Höngg","70",7662,850000,61258700
2009,"D",1,"22","Kauf",1,"J","Ja",102,"102","Wipkingen","15-21",7857,795000,12525000
2009,"D",1,"22","Kauf",1,"J","Ja",110,"11","Kreis 11","161",5736,675000,109261769
2009,"D",1,"22","Kauf",1,"J","Ja",111,"111","Affoltern","71",5736,745000,56894000
2009,"D",1,"22","Kauf",1,"J","Ja",115,"115","Oerlikon","26",6563,511000,13814000
2009,"D",1,"22","Kauf",1,"J","Ja",119,"119","Seebach","64",5483,585000,38553769
2009,"D",1,"22","Kauf",1,"J","Ja",120,"12","Kreis 12","9",4976,423000,3984949
2009,"D",1,"22","Kauf",1,"J","Ja",121,"121","Saatlen","1-3",4976,423000,423000
2009,"D",1,"22","Kauf",1,"J","Ja",122,"122","Schwamendingen-Mitte","2–4",2578,195946,1331949
2009,"D",1,"22","Kauf",1,"J","Ja",123,"123","Hirzenbach","4",5631,602500,2230000
2010,"D",1,"22","Kauf",1,"J","Ja",0,"0","Ganze Stadt","742",7988,856500,728399360
2010,"D",1,"22","Kauf",1,"J","Ja",10,"1","Kreis 1","3-9",10625,485000,1505000
2010,"D",1,"22","Kauf",1,"J","Ja",11,"011","Rathaus","1-3",16724,485000,485000
2010,"D",1,"22","Kauf",1,"J","Ja",12,"012","Hochschulen","0",,,
2010,"D",1,"22","Kauf",1,"J","Ja",13,"013","Lindenhof","2-6",8854,510000,1020000
2010,"D",1,"22","Kauf",1,"J","Ja",14,"014","City","0",,,
2010,"D",1,"22","Kauf",1,"J","Ja",20,"2","Kreis 2","35",9310,850000,33828822
2010,"D",1,"22","Kauf",1,"J","Ja",21,"021","Wollishofen","24",8359,841769,21091822
2010,"D",1,"22","Kauf",1,"J","Ja",23,"023","Leimbach","1-3",6563,630000,630000
2010,"D",1,"22","Kauf",1,"J","Ja",24,"024","Enge","8–10",10682,1375000,12107000
2010,"D",1,"22","Kauf",1,"J","Ja",30,"3","Kreis 3","104",7911,967500,97659273
2010,"D",1,"22","Kauf",1,"J","Ja",31,"031","Alt-Wiedikon","91",7823,970000,87342094
2010,"D",1,"22","Kauf",1,"J","Ja",33,"033","Friesenberg","1-3",10867,815000,815000
2010,"D",1,"22","Kauf",1,"J","Ja",34,"034","Sihlfeld","10–12",9744,597500,9502179
2010,"D",1,"22","Kauf",1,"J","Ja",40,"4","Kreis 4","21",7292,650000,13046756
2010,"D",1,"22","Kauf",1,"J","Ja",41,"041","Werd","1-3",7266,465000,465000
2010,"D",1,"22","Kauf",1,"J","Ja",42,"042","Langstrasse","15-19",8317,769000,11114256
2010,"D",1,"22","Kauf",1,"J","Ja",44,"044","Hard","3–5",5600,247500,1467500
2010,"D",1,"22","Kauf",1,"J","Ja",50,"5","Kreis 5","61",8495,890000,59117900
2010,"D",1,"22","Kauf",1,"J","Ja",51,"051","Gewerbeschule","14",6267,634776,9829400
2010,"D",1,"22","Kauf",1,"J","Ja",52,"052","Escher Wyss","47",8598,945000,49288500
2010,"D",1,"22","Kauf",1,"J","Ja",60,"6","Kreis 6","102",8168,982500,107313680
2010,"D",1,"22","Kauf",1,"J","Ja",61,"061","Unterstrass","88",8112,940000,83569603
2010,"D",1,"22","Kauf",1,"J","Ja",63,"063","Oberstrass","14",12639,1478500,23744077
2010,"D",1,"22","Kauf",1,"J","Ja",70,"7","Kreis 7","80",11475,1294594,131334962
2010,"D",1,"22","Kauf",1,"J","Ja",71,"071","Fluntern","20",11168,1241462,31320925
2010,"D",1,"22","Kauf",1,"J","Ja",72,"072","Hottingen","26-30",13216,2147500,54935537
2010,"D",1,"22","Kauf",1,"J","Ja",73,"073","Hirslanden","12",13333,2120311,22533500
2010,"D",1,"22","Kauf",1,"J","Ja",74,"074","Witikon","22",8016,845000,22545000
2010,"D",1,"22","Kauf",1,"J","Ja",80,"8","Kreis 8","21-30",11008,1367500,39771000
2010,"D",1,"22","Kauf",1,"J","Ja",81,"081","Seefeld","8-12",10923,1513000,18124000
2010,"D",1,"22","Kauf",1,"J","Ja",82,"082","Mühlebach","17",10917,655000,20397000
2010,"D",1,"22","Kauf",1,"J","Ja",83,"083","Weinegg","1-3",13441,1250000,1250000
2010,"D",1,"22","Kauf",1,"J","Ja",90,"9","Kreis 9","25",7429,675000,18019250
2010,"D",1,"22","Kauf",1,"J","Ja",91,"091","Albisrieden","19",7429,675000,13950000
2010,"D",1,"22","Kauf",1,"J","Ja",92,"092","Altstetten","6",7596,643875,4069250
2010,"D",1,"22","Kauf",1,"J","Ja",100,"10","Kreis 10","92",8747,1194188,108718630
2010,"D",1,"22","Kauf",1,"J","Ja",101,"101","Höngg","42",8094,1030000,44814254
2010,"D",1,"22","Kauf",1,"J","Ja",102,"102","Wipkingen","50",9279,1305000,63904376
2010,"D",1,"22","Kauf",1,"J","Ja",110,"11","Kreis 11","180",5498,601000,112934087
2010,"D",1,"22","Kauf",1,"J","Ja",111,"111","Affoltern","71",5123,565000,42182000
2010,"D",1,"22","Kauf",1,"J","Ja",115,"115","Oerlikon","32",6923,660000,20647217
2010,"D",1,"22","Kauf",1,"J","Ja",119,"119","Seebach","77-81",5605,612500,50104870
2010,"D",1,"22","Kauf",1,"J","Ja",120,"12","Kreis 12","9",6231,685000,5150000
2010,"D",1,"22","Kauf",1,"J","Ja",121,"121","Saatlen","0",,,
2010,"D",1,"22","Kauf",1,"J","Ja",122,"122","Schwamendingen-Mitte","2-6",5023,347500,695000
2010,"D",1,"22","Kauf",1,"J","Ja",123,"123","Hirzenbach","6–8",6295,695000,4455000
2011,"D",1,"22","Kauf",1,"J","Ja",0,"0","Ganze Stadt","567",8900,835000,578979991
2011,"D",1,"22","Kauf",1,"J","Ja",10,"1","Kreis 1","8",11347,925000,8875300
2011,"D",1,"22","Kauf",1,"J","Ja",11,"011","Rathaus","5–7",9997,515000,4325300
2011,"D",1,"22","Kauf",1,"J","Ja",12,"012","Hochschulen","0",,,
2011,"D",1,"22","Kauf",1,"J","Ja",13,"013","Lindenhof","2-6",27590,2275000,4550000
2011,"D",1,"22","Kauf",1,"J","Ja",14,"014","City","0",,,
2011,"D",1,"22","Kauf",1,"J","Ja",20,"2","Kreis 2","30",8416,820000,30370000
2011,"D",1,"22","Kauf",1,"J","Ja",21,"021","Wollishofen","19",8265,820000,17850000
2011,"D",1,"22","Kauf",1,"J","Ja",23,"023","Leimbach","3-9",6842,740000,2350000
2011,"D",1,"22","Kauf",1,"J","Ja",24,"024","Enge","8–10",10163,1217500,10170000
2011,"D",1,"22","Kauf",1,"J","Ja",30,"3","Kreis 3","46",7935,490156,32183497
2011,"D",1,"22","Kauf",1,"J","Ja",31,"031","Alt-Wiedikon","27",5714,400000,19136941
2011,"D",1,"22","Kauf",1,"J","Ja",33,"033","Friesenberg","14",9409,517500,7196000
2011,"D",1,"22","Kauf",1,"J","Ja",34,"034","Sihlfeld","5",11607,1000000,5850556
2011,"D",1,"22","Kauf",1,"J","Ja",40,"4","Kreis 4","14-20",9521,687500,11919000
2011,"D",1,"22","Kauf",1,"J","Ja",41,"041","Werd","0",,,
2011,"D",1,"22","Kauf",1,"J","Ja",42,"042","Langstrasse","11",9933,785000,8540000
2011,"D",1,"22","Kauf",1,"J","Ja",44,"044","Hard","9",8400,329670,3379000
2011,"D",1,"22","Kauf",1,"J","Ja",50,"5","Kreis 5","36",8825,1000000,40828584
2011,"D",1,"22","Kauf",1,"J","Ja",51,"051","Gewerbeschule","25",8459,868858,22553584
2011,"D",1,"22","Kauf",1,"J","Ja",52,"052","Escher Wyss","11",11832,1430000,18275000
2011,"D",1,"22","Kauf",1,"J","Ja",60,"6","Kreis 6","59-63",12231,1530000,89427423
2011,"D",1,"22","Kauf",1,"J","Ja",61,"061","Unterstrass","35",12154,1431504,48724504
2011,"D",1,"22","Kauf",1,"J","Ja",63,"063","Oberstrass","24-28",12521,1810000,40702919
2011,"D",1,"22","Kauf",1,"J","Ja",70,"7","Kreis 7","75",12500,1400000,117693295
2011,"D",1,"22","Kauf",1,"J","Ja",71,"071","Fluntern","25",14000,1600000,51376500
2011,"D",1,"22","Kauf",1,"J","Ja",72,"072","Hottingen","15",14100,1650000,22860500
2011,"D",1,"22","Kauf",1,"J","Ja",73,"073","Hirslanden","17",11400,1150000,22237500
2011,"D",1,"22","Kauf",1,"J","Ja",74,"074","Witikon","18",9161,1080000,21218795
2011,"D",1,"22","Kauf",1,"J","Ja",80,"8","Kreis 8","20",11969,995000,22959000
2011,"D",1,"22","Kauf",1,"J","Ja",81,"081","Seefeld","1–3",12339,1050000,K
2011,"D",1,"22","Kauf",1,"J","Ja",82,"082","Mühlebach","11",10000,875000,8506000
2011,"D",1,"22","Kauf",1,"J","Ja",83,"083","Weinegg","6–8",14000,1750000,12353000
2011,"D",1,"22","Kauf",1,"J","Ja",90,"9","Kreis 9","50",6749,585100,35355985
2011,"D",1,"22","Kauf",1,"J","Ja",91,"091","Albisrieden","17",9356,670000,12580695
2011,"D",1,"22","Kauf",1,"J","Ja",92,"092","Altstetten","33",5867,566000,22775290
2011,"D",1,"22","Kauf",1,"J","Ja",100,"10","Kreis 10","90",9697,1061500,106590750
2011,"D",1,"22","Kauf",1,"J","Ja",101,"101","Höngg","66",9710,1108000,76686550
2011,"D",1,"22","Kauf",1,"J","Ja",102,"102","Wipkingen","24",9568,782500,29904200
2011,"D",1,"22","Kauf",1,"J","Ja",110,"11","Kreis 11","124",6140,561500,77092194
2011,"D",1,"22","Kauf",1,"J","Ja",111,"111","Affoltern","62-66",4910,520500,37374006
2011,"D",1,"22","Kauf",1,"J","Ja",115,"115","Oerlikon","37",8000,760000,29269188
2011,"D",1,"22","Kauf",1,"J","Ja",119,"119","Seebach","25",5385,410000,10449000
2011,"D",1,"22","Kauf",1,"J","Ja",120,"12","Kreis 12","9",5862,635000,5684963
2011,"D",1,"22","Kauf",1,"J","Ja",121,"121","Saatlen","2-6",6360,745000,1490000
2011,"D",1,"22","Kauf",1,"J","Ja",122,"122","Schwamendingen-Mitte","5",4737,360000,2324963
2011,"D",1,"22","Kauf",1,"J","Ja",123,"123","Hirzenbach","1–3",6370,935000,K
2012,"D",1,"22","Kauf",1,"J","Ja",0,"0","Ganze Stadt","494",9875,960000,642114201
2012,"D",1,"22","Kauf",1,"J","Ja",10,"1","Kreis 1","1-3",6473,582573,582573
2012,"D",1,"22","Kauf",1,"J","Ja",11,"011","Rathaus","0",,,
2012,"D",1,"22","Kauf",1,"J","Ja",12,"012","Hochschulen","0",,,
2012,"D",1,"22","Kauf",1,"J","Ja",13,"013","Lindenhof","1-3",6473,582573,582573
2012,"D",1,"22","Kauf",1,"J","Ja",14,"014","City","0",,,
2012,"D",1,"22","Kauf",1,"J","Ja",20,"2","Kreis 2","31",11134,1250000,40896000
2012,"D",1,"22","Kauf",1,"J","Ja",21,"021","Wollishofen","21",11284,1410000,29696000
2012,"D",1,"22","Kauf",1,"J","Ja",23,"023","Leimbach","1–3",8403,800000,K
2012,"D",1,"22","Kauf",1,"J","Ja",24,"024","Enge","7–9",14167,940000,8920000
2012,"D",1,"22","Kauf",1,"J","Ja",30,"3","Kreis 3","22",7620,637745,19218623
2012,"D",1,"22","Kauf",1,"J","Ja",31,"031","Alt-Wiedikon","12",7144,400120,6903623
2012,"D",1,"22","Kauf",1,"J","Ja",33,"033","Friesenberg","0",,,
2012,"D",1,"22","Kauf",1,"J","Ja",34,"034","Sihlfeld","10",9179,950000,12315000
2012,"D",1,"22","Kauf",1,"J","Ja",40,"4","Kreis 4","7–9",9412,701721,8838721
2012,"D",1,"22","Kauf",1,"J","Ja",41,"041","Werd","0",,,
2012,"D",1,"22","Kauf",1,"J","Ja",42,"042","Langstrasse","5",9412,800000,6543721
2012,"D",1,"22","Kauf",1,"J","Ja",44,"044","Hard","2–4",9300,572500,2295000
2012,"D",1,"22","Kauf",1,"J","Ja",50,"5","Kreis 5","37",14858,2135000,99719952
2012,"D",1,"22","Kauf",1,"J","Ja",51,"051","Gewerbeschule","2-6",13553,1103126,2206252
2012,"D",1,"22","Kauf",1,"J","Ja",52,"052","Escher Wyss","34–36",14858,2225000,97513700
2012,"D",1,"22","Kauf",1,"J","Ja",60,"6","Kreis 6","25",14426,1520000,40899000
2012,"D",1,"22","Kauf",1,"J","Ja",61,"061","Unterstrass","6-10",13393,1156500,11724000
2012,"D",1,"22","Kauf",1,"J","Ja",63,"063","Oberstrass","15",17500,1755000,29175000
2012,"D",1,"22","Kauf",1,"J","Ja",70,"7","Kreis 7","97",12238,1365000,170929524
2012,"D",1,"22","Kauf",1,"J","Ja",71,"071","Fluntern","35",15748,2120000,99266881
2012,"D",1,"22","Kauf",1,"J","Ja",72,"072","Hottingen","15",12500,2000000,26367000
2012,"D",1,"22","Kauf",1,"J","Ja",73,"073","Hirslanden","13",14554,1249573,19110000
2012,"D",1,"22","Kauf",1,"J","Ja",74,"074","Witikon","34",7409,636000,26185643
2012,"D",1,"22","Kauf",1,"J","Ja",80,"8","Kreis 8","39",14400,1735000,71565242
2012,"D",1,"22","Kauf",1,"J","Ja",81,"081","Seefeld","7",16912,1025664,8680000
2012,"D",1,"22","Kauf",1,"J","Ja",82,"082","Mühlebach","24",14513,1982500,52495000
2012,"D",1,"22","Kauf",1,"J","Ja",83,"083","Weinegg","8",10257,1350000,10390242
2012,"D",1,"22","Kauf",1,"J","Ja",90,"9","Kreis 9","47",7586,830000,42269659
2012,"D",1,"22","Kauf",1,"J","Ja",91,"091","Albisrieden","32",8443,895000,31759759
2012,"D",1,"22","Kauf",1,"J","Ja",92,"092","Altstetten","15",6414,809545,10509900
2012,"D",1,"22","Kauf",1,"J","Ja",100,"10","Kreis 10","60",9149,795500,56388811
2012,"D",1,"22","Kauf",1,"J","Ja",101,"101","Höngg","27-31",9938,750000,29246085
2012,"D",1,"22","Kauf",1,"J","Ja",102,"102","Wipkingen","29",8254,804000,27142725
2012,"D",1,"22","Kauf",1,"J","Ja",110,"11","Kreis 11","97",7812,650000,64299497
2012,"D",1,"22","Kauf",1,"J","Ja",111,"111","Affoltern","16",6041,504000,9050000
2012,"D",1,"22","Kauf",1,"J","Ja",115,"115","Oerlikon","31",9091,800000,23706667
2012,"D",1,"22","Kauf",1,"J","Ja",119,"119","Seebach","50",6400,625958,31542830
2012,"D",1,"22","Kauf",1,"J","Ja",120,"12","Kreis 12","29",7362,932000,26506600
2012,"D",1,"22","Kauf",1,"J","Ja",121,"121","Saatlen","3-9",5780,815000,2245000
2012,"D",1,"22","Kauf",1,"J","Ja",122,"122","Schwamendingen-Mitte","24",7554,940000,22726600
2012,"D",1,"22","Kauf",1,"J","Ja",123,"123","Hirzenbach","1–3",6102,767500,K
2013,"D",1,"22","Kauf",1,"J","Ja",0,"0","Ganze Stadt","520",9566,1020000,623688156
2013,"D",1,"22","Kauf",1,"J","Ja",10,"1","Kreis 1","4-12",13904,1150000,4351000
2013,"D",1,"22","Kauf",1,"J","Ja",11,"011","Rathaus","3-9",14474,1100000,3151000
2013,"D",1,"22","Kauf",1,"J","Ja",12,"012","Hochschulen","0",,,
2013,"D",1,"22","Kauf",1,"J","Ja",13,"013","Lindenhof","1-3",13333,1200000,1200000
2013,"D",1,"22","Kauf",1,"J","Ja",14,"014","City","0",,,
2013,"D",1,"22","Kauf",1,"J","Ja",20,"2","Kreis 2","21",9901,1066148,22525000
2013,"D",1,"22","Kauf",1,"J","Ja",21,"021","Wollishofen","13",10480,1200000,15505000
2013,"D",1,"22","Kauf",1,"J","Ja",23,"023","Leimbach","4",4010,405000,1660000
2013,"D",1,"22","Kauf",1,"J","Ja",24,"024","Enge","4",10977,1170574,5360000
2013,"D",1,"22","Kauf",1,"J","Ja",30,"3","Kreis 3","117",8258,910000,114306000
2013,"D",1,"22","Kauf",1,"J","Ja",31,"031","Alt-Wiedikon","109",8258,915000,109016000
2013,"D",1,"22","Kauf",1,"J","Ja",33,"033","Friesenberg","1-3",10364,570000,570000
2013,"D",1,"22","Kauf",1,"J","Ja",34,"034","Sihlfeld","5–7",8154,530000,4720000
2013,"D",1,"22","Kauf",1,"J","Ja",40,"4","Kreis 4","32",10354,1109500,38046000
2013,"D",1,"22","Kauf",1,"J","Ja",41,"041","Werd","0",,,
2013,"D",1,"22","Kauf",1,"J","Ja",42,"042","Langstrasse","29–31",10367,1110000,37396000
2013,"D",1,"22","Kauf",1,"J","Ja",44,"044","Hard","1-3",8442,650000,650000
2013,"D",1,"22","Kauf",1,"J","Ja",50,"5","Kreis 5","48",13067,1485000,86503000
2013,"D",1,"22","Kauf",1,"J","Ja",51,"051","Gewerbeschule","1–3",4557,278000,K
2013,"D",1,"22","Kauf",1,"J","Ja",52,"052","Escher Wyss","45–47",13175,1550000,84990000
2013,"D",1,"22","Kauf",1,"J","Ja",60,"6","Kreis 6","16-26",10307,1079500,31795500
2013,"D",1,"22","Kauf",1,"J","Ja",61,"061","Unterstrass","9",9622,850000,7605500
2013,"D",1,"22","Kauf",1,"J","Ja",63,"063","Oberstrass","17",11881,1200000,24190000
2013,"D",1,"22","Kauf",1,"J","Ja",70,"7","Kreis 7","54-64",13965,1615000,89945200
2013,"D",1,"22","Kauf",1,"J","Ja",71,"071","Fluntern","19-23",15357,1930000,36842500
2013,"D",1,"22","Kauf",1,"J","Ja",72,"072","Hottingen","16",13068,1575000,25915000
2013,"D",1,"22","Kauf",1,"J","Ja",73,"073","Hirslanden","7",21286,2172700,13887700
2013,"D",1,"22","Kauf",1,"J","Ja",74,"074","Witikon","12",9092,800000,13300000
2013,"D",1,"22","Kauf",1,"J","Ja",80,"8","Kreis 8","25-35",14399,1695000,46417368
2013,"D",1,"22","Kauf",1,"J","Ja",81,"081","Seefeld","3-9",20667,1550000,5900000
2013,"D",1,"22","Kauf",1,"J","Ja",82,"082","Mühlebach","15",14063,2275000,29817368
2013,"D",1,"22","Kauf",1,"J","Ja",83,"083","Weinegg","7–9",12222,1400000,10700000
2013,"D",1,"22","Kauf",1,"J","Ja",90,"9","Kreis 9","21",8247,790000,18865000
2013,"D",1,"22","Kauf",1,"J","Ja",91,"091","Albisrieden","12",7191,665000,8910000
2013,"D",1,"22","Kauf",1,"J","Ja",92,"092","Altstetten","9",8522,940000,9955000
2013,"D",1,"22","Kauf",1,"J","Ja",100,"10","Kreis 10","57",11468,1289000,73242430
2013,"D",1,"22","Kauf",1,"J","Ja",101,"101","Höngg","21",10000,1000000,21484430
2013,"D",1,"22","Kauf",1,"J","Ja",102,"102","Wipkingen","36",11797,1369000,51758000
2013,"D",1,"22","Kauf",1,"J","Ja",110,"11","Kreis 11","89",9016,750000,74145158
2013,"D",1,"22","Kauf",1,"J","Ja",111,"111","Affoltern","12",7843,560000,8964000
2013,"D",1,"22","Kauf",1,"J","Ja",115,"115","Oerlikon","48",10457,887500,43552000
2013,"D",1,"22","Kauf",1,"J","Ja",119,"119","Seebach","29",7362,750790,21629158
2013,"D",1,"22","Kauf",1,"J","Ja",120,"12","Kreis 12","26",7361,934000,23546500
2013,"D",1,"22","Kauf",1,"J","Ja",121,"121","Saatlen","1-3",6118,930000,930000
2013,"D",1,"22","Kauf",1,"J","Ja",122,"122","Schwamendingen-Mitte","23",7375,946000,21501500
2013,"D",1,"22","Kauf",1,"J","Ja",123,"123","Hirzenbach","2-6",6107,557500,1115000
2014,"D",1,"22","Kauf",1,"J","Ja",0,"0","Ganze Stadt","678",11013,1065000,816273440
2014,"D",1,"22","Kauf",1,"J","Ja",10,"1","Kreis 1","4",17995,1800175,6180000
2014,"D",1,"22","Kauf",1,"J","Ja",11,"011","Rathaus","0",,,
2014,"D",1,"22","Kauf",1,"J","Ja",12,"012","Hochschulen","0",,,
2014,"D",1,"22","Kauf",1,"J","Ja",13,"013","Lindenhof","4",17995,1800175,6180000
2014,"D",1,"22","Kauf",1,"J","Ja",14,"014","City","0",,,
2014,"D",1,"22","Kauf",1,"J","Ja",20,"2","Kreis 2","18",10846,1322500,22843560
2014,"D",1,"22","Kauf",1,"J","Ja",21,"021","Wollishofen","11",10970,1275000,13765798
2014,"D",1,"22","Kauf",1,"J","Ja",23,"023","Leimbach","1–3",8548,645000,K
2014,"D",1,"22","Kauf",1,"J","Ja",24,"024","Enge","4–6",11402,1670000,7787762
2014,"D",1,"22","Kauf",1,"J","Ja",30,"3","Kreis 3","20",9117,833551,17006576
2014,"D",1,"22","Kauf",1,"J","Ja",31,"031","Alt-Wiedikon","14",9117,807117,10216974
2014,"D",1,"22","Kauf",1,"J","Ja",33,"033","Friesenberg","1-3",6019,620000,620000
2014,"D",1,"22","Kauf",1,"J","Ja",34,"034","Sihlfeld","3–5",16071,900000,6169603
2014,"D",1,"22","Kauf",1,"J","Ja",40,"4","Kreis 4","29",10000,690000,23260000
2014,"D",1,"22","Kauf",1,"J","Ja",41,"041","Werd","1–3",9562,1097500,K
2014,"D",1,"22","Kauf",1,"J","Ja",42,"042","Langstrasse","20",10233,752500,19070000
2014,"D",1,"22","Kauf",1,"J","Ja",44,"044","Hard","6–8",6207,180000,1995000
2014,"D",1,"22","Kauf",1,"J","Ja",50,"5","Kreis 5","212",12168,1150000,266441685
2014,"D",1,"22","Kauf",1,"J","Ja",51,"051","Gewerbeschule","0",,,
2014,"D",1,"22","Kauf",1,"J","Ja",52,"052","Escher Wyss","212",12168,1150000,266441685
2014,"D",1,"22","Kauf",1,"J","Ja",60,"6","Kreis 6","20-25",11056,912438,29909300
2014,"D",1,"22","Kauf",1,"J","Ja",61,"061","Unterstrass","13",10400,1110000,15438000
2014,"D",1,"22","Kauf",1,"J","Ja",63,"063","Oberstrass","12",12664,844719,14471300
2014,"D",1,"22","Kauf",1,"J","Ja",70,"7","Kreis 7","98",13549,1710000,178511967
2014,"D",1,"22","Kauf",1,"J","Ja",71,"071","Fluntern","36",15148,2192500,84335500
2014,"D",1,"22","Kauf",1,"J","Ja",72,"072","Hottingen","19",12182,1300000,30462793
2014,"D",1,"22","Kauf",1,"J","Ja",73,"073","Hirslanden","5",15000,1500000,8010000
2014,"D",1,"22","Kauf",1,"J","Ja",74,"074","Witikon","38",11189,1497500,55703674
2014,"D",1,"22","Kauf",1,"J","Ja",80,"8","Kreis 8","27",13722,1600000,48030000
2014,"D",1,"22","Kauf",1,"J","Ja",81,"081","Seefeld","5",14316,1360000,7965000
2014,"D",1,"22","Kauf",1,"J","Ja",82,"082","Mühlebach","8",13989,1267500,13025000
2014,"D",1,"22","Kauf",1,"J","Ja",83,"083","Weinegg","14",13557,1625000,27040000
2014,"D",1,"22","Kauf",1,"J","Ja",90,"9","Kreis 9","63",10291,910000,61772467
2014,"D",1,"22","Kauf",1,"J","Ja",91,"091","Albisrieden","18",7779,722500,13649475
2014,"D",1,"22","Kauf",1,"J","Ja",92,"092","Altstetten","45",10964,935000,48122992
2014,"D",1,"22","Kauf",1,"J","Ja",100,"10","Kreis 10","53",10526,1037000,58589961
2014,"D",1,"22","Kauf",1,"J","Ja",101,"101","Höngg","40",10609,1048500,45713411
2014,"D",1,"22","Kauf",1,"J","Ja",102,"102","Wipkingen","13-17",10521,1021550,12876550
2014,"D",1,"22","Kauf",1,"J","Ja",110,"11","Kreis 11","88",7610,716500,62857002
2014,"D",1,"22","Kauf",1,"J","Ja",111,"111","Affoltern","21",8350,835000,19091754
2014,"D",1,"22","Kauf",1,"J","Ja",115,"115","Oerlikon","25",8571,600000,16012000
2014,"D",1,"22","Kauf",1,"J","Ja",119,"119","Seebach","42",7150,655000,27753248
2014,"D",1,"22","Kauf",1,"J","Ja",120,"12","Kreis 12","41",9677,965000,40870922
2014,"D",1,"22","Kauf",1,"J","Ja",121,"121","Saatlen","18–20",10350,872500,17600000
2014,"D",1,"22","Kauf",1,"J","Ja",122,"122","Schwamendingen-Mitte","20",9287,1111000,22520922
2014,"D",1,"22","Kauf",1,"J","Ja",123,"123","Hirzenbach","1-3",7075,750000,750000
2015,"D",1,"22","Kauf",1,"J","Ja",0,"0","Ganze Stadt","850",11015,1160000,1100525659
2015,"D",1,"22","Kauf",1,"J","Ja",10,"1","Kreis 1","4",13523,1275000,4830000
2015,"D",1,"22","Kauf",1,"J","Ja",11,"011","Rathaus","1-3",12500,950000,950000
2015,"D",1,"22","Kauf",1,"J","Ja",12,"012","Hochschulen","1-3",11148,680000,680000
2015,"D",1,"22","Kauf",1,"J","Ja",13,"013","Lindenhof","0",,,
2015,"D",1,"22","Kauf",1,"J","Ja",14,"014","City","1–3",14545,1600000,K
2015,"D",1,"22","Kauf",1,"J","Ja",20,"2","Kreis 2","63",12644,1140000,82819406
2015,"D",1,"22","Kauf",1,"J","Ja",21,"021","Wollishofen","22",11445,1135000,26270345
2015,"D",1,"22","Kauf",1,"J","Ja",23,"023","Leimbach","15-19",10238,1038000,15863000
2015,"D",1,"22","Kauf",1,"J","Ja",24,"024","Enge","26",13295,1245491,40686061
2015,"D",1,"22","Kauf",1,"J","Ja",30,"3","Kreis 3","59-65",10882,1215000,69365269
2015,"D",1,"22","Kauf",1,"J","Ja",31,"031","Alt-Wiedikon","45-49",10786,1280000,54935269
2015,"D",1,"22","Kauf",1,"J","Ja",33,"033","Friesenberg","5",9636,625000,3160000
2015,"D",1,"22","Kauf",1,"J","Ja",34,"034","Sihlfeld","9",12000,1340000,11270000
2015,"D",1,"22","Kauf",1,"J","Ja",40,"4","Kreis 4","63",14263,1632201,114633781
2015,"D",1,"22","Kauf",1,"J","Ja",41,"041","Werd","0",,,
2015,"D",1,"22","Kauf",1,"J","Ja",42,"042","Langstrasse","58",14569,1720407,113248310
2015,"D",1,"22","Kauf",1,"J","Ja",44,"044","Hard","5",5896,175000,1385471
2015,"D",1,"22","Kauf",1,"J","Ja",50,"5","Kreis 5","181",11429,1195000,231996803
2015,"D",1,"22","Kauf",1,"J","Ja",51,"051","Gewerbeschule","1-3",10805,940000,940000
2015,"D",1,"22","Kauf",1,"J","Ja",52,"052","Escher Wyss","178-180",11462,1197500,231056803
2015,"D",1,"22","Kauf",1,"J","Ja",60,"6","Kreis 6","94",9462,1172500,119981100
2015,"D",1,"22","Kauf",1,"J","Ja",61,"061","Unterstrass","75",8923,1155000,91290000
2015,"D",1,"22","Kauf",1,"J","Ja",63,"063","Oberstrass","19",14615,1650000,28691100
2015,"D",1,"22","Kauf",1,"J","Ja",70,"7","Kreis 7","84",13390,1752500,155336864
2015,"D",1,"22","Kauf",1,"J","Ja",71,"071","Fluntern","40",14694,2042500,91921000
2015,"D",1,"22","Kauf",1,"J","Ja",72,"072","Hottingen","10",10497,1300000,14180000
2015,"D",1,"22","Kauf",1,"J","Ja",73,"073","Hirslanden","6",14356,1532500,9395000
2015,"D",1,"22","Kauf",1,"J","Ja",74,"074","Witikon","28",12185,1353250,39840864
2015,"D",1,"22","Kauf",1,"J","Ja",80,"8","Kreis 8","35",13333,1638000,56530000
2015,"D",1,"22","Kauf",1,"J","Ja",81,"081","Seefeld","4",18800,1988066,7520000
2015,"D",1,"22","Kauf",1,"J","Ja",82,"082","Mühlebach","22",13417,1151430,35250000
2015,"D",1,"22","Kauf",1,"J","Ja",83,"083","Weinegg","9",12654,1650000,13760000
2015,"D",1,"22","Kauf",1,"J","Ja",90,"9","Kreis 9","49",9405,880000,48355326
2015,"D",1,"22","Kauf",1,"J","Ja",91,"091","Albisrieden","27",8303,750000,22605326
2015,"D",1,"22","Kauf",1,"J","Ja",92,"092","Altstetten","22",10219,1075000,25750000
2015,"D",1,"22","Kauf",1,"J","Ja",100,"10","Kreis 10","59",9300,870000,58152100
2015,"D",1,"22","Kauf",1,"J","Ja",101,"101","Höngg","34",10665,1000000,38420000
2015,"D",1,"22","Kauf",1,"J","Ja",102,"102","Wipkingen","25",8167,465000,19732100
2015,"D",1,"22","Kauf",1,"J","Ja",110,"11","Kreis 11","132",8441,914772,135425012
2015,"D",1,"22","Kauf",1,"J","Ja",111,"111","Affoltern","26-30",7241,730500,18351300
2015,"D",1,"22","Kauf",1,"J","Ja",115,"115","Oerlikon","36",11250,1555000,48975000
2015,"D",1,"22","Kauf",1,"J","Ja",119,"119","Seebach","70",8392,950000,68098712
2015,"D",1,"22","Kauf",1,"J","Ja",120,"12","Kreis 12","27",9182,800000,23100000
2015,"D",1,"22","Kauf",1,"J","Ja",121,"121","Saatlen","1–3",11903,1845000,K
2015,"D",1,"22","Kauf",1,"J","Ja",122,"122","Schwamendingen-Mitte","24–26",8689,780000,19410000
2015,"D",1,"22","Kauf",1,"J","Ja",123,"123","Hirzenbach","0",,,
2016,"D",1,"22","Kauf",1,"J","Ja",0,"0","Ganze Stadt","672",10947,1150000,888375698
2016,"D",1,"22","Kauf",1,"J","Ja",10,"1","Kreis 1","4",19007,600500,4471000
2016,"D",1,"22","Kauf",1,"J","Ja",11,"011","Rathaus","1–3",18810,545500,K
2016,"D",1,"22","Kauf",1,"J","Ja",12,"012","Hochschulen","0",,,
2016,"D",1,"22","Kauf",1,"J","Ja",13,"013","Lindenhof","2-6",19007,1690000,3380000
2016,"D",1,"22","Kauf",1,"J","Ja",14,"014","City","0",,,
2016,"D",1,"22","Kauf",1,"J","Ja",20,"2","Kreis 2","71",13261,1400000,108476561
2016,"D",1,"22","Kauf",1,"J","Ja",21,"021","Wollishofen","22",12700,1690000,36615000
2016,"D",1,"22","Kauf",1,"J","Ja",23,"023","Leimbach","9",8671,750000,6876000
2016,"D",1,"22","Kauf",1,"J","Ja",24,"024","Enge","40",14631,1495000,64985561
2016,"D",1,"22","Kauf",1,"J","Ja",30,"3","Kreis 3","32",12365,1035000,34959282
2016,"D",1,"22","Kauf",1,"J","Ja",31,"031","Alt-Wiedikon","23",12551,1150000,27176282
2016,"D",1,"22","Kauf",1,"J","Ja",33,"033","Friesenberg","1–3",12069,400000,K
2016,"D",1,"22","Kauf",1,"J","Ja",34,"034","Sihlfeld","6-10",11893,980000,6458000
2016,"D",1,"22","Kauf",1,"J","Ja",40,"4","Kreis 4","20",6207,328035,12527000
2016,"D",1,"22","Kauf",1,"J","Ja",41,"041","Werd","1-3",9314,950000,950000
2016,"D",1,"22","Kauf",1,"J","Ja",42,"042","Langstrasse","13",5970,332370,9730000
2016,"D",1,"22","Kauf",1,"J","Ja",44,"044","Hard","4–6",7069,205000,1847000
2016,"D",1,"22","Kauf",1,"J","Ja",50,"5","Kreis 5","66",13102,1262000,96391000
2016,"D",1,"22","Kauf",1,"J","Ja",51,"051","Gewerbeschule","9",9059,845000,7625000
2016,"D",1,"22","Kauf",1,"J","Ja",52,"052","Escher Wyss","57",13627,1390000,88766000
2016,"D",1,"22","Kauf",1,"J","Ja",60,"6","Kreis 6","134",10000,1264000,183761000
2016,"D",1,"22","Kauf",1,"J","Ja",61,"061","Unterstrass","117",9769,1245000,153218000
2016,"D",1,"22","Kauf",1,"J","Ja",63,"063","Oberstrass","17",14625,1820000,30543000
2016,"D",1,"22","Kauf",1,"J","Ja",70,"7","Kreis 7","85-97",14338,1680000,158660285
2016,"D",1,"22","Kauf",1,"J","Ja",71,"071","Fluntern","30-34",15425,1766000,59687000
2016,"D",1,"22","Kauf",1,"J","Ja",72,"072","Hottingen","16",20084,2425000,37726111
2016,"D",1,"22","Kauf",1,"J","Ja",73,"073","Hirslanden","10",13905,1790000,16475000
2016,"D",1,"22","Kauf",1,"J","Ja",74,"074","Witikon","29",13018,1445000,44772174
2016,"D",1,"22","Kauf",1,"J","Ja",80,"8","Kreis 8","30-36",17548,1675000,62910000
2016,"D",1,"22","Kauf",1,"J","Ja",81,"081","Seefeld","2-6",16393,1705000,3410000
2016,"D",1,"22","Kauf",1,"J","Ja",82,"082","Mühlebach","25",17548,1650000,53655000
2016,"D",1,"22","Kauf",1,"J","Ja",83,"083","Weinegg","3-9",15342,1795000,5845000
2016,"D",1,"22","Kauf",1,"J","Ja",90,"9","Kreis 9","40-44",10266,900000,36071000
2016,"D",1,"22","Kauf",1,"J","Ja",91,"091","Albisrieden","13",8471,738000,9775000
2016,"D",1,"22","Kauf",1,"J","Ja",92,"092","Altstetten","27",10784,975000,26296000
2016,"D",1,"22","Kauf",1,"J","Ja",100,"10","Kreis 10","69",10703,925000,70582400
2016,"D",1,"22","Kauf",1,"J","Ja",101,"101","Höngg","17-26",10383,1400000,31835000
2016,"D",1,"22","Kauf",1,"J","Ja",102,"102","Wipkingen","43",10844,875000,38747400
2016,"D",1,"22","Kauf",1,"J","Ja",110,"11","Kreis 11","104",8576,965000,106384170
2016,"D",1,"22","Kauf",1,"J","Ja",111,"111","Affoltern","44",8022,940000,41014500
2016,"D",1,"22","Kauf",1,"J","Ja",115,"115","Oerlikon","20",10257,1050000,22512000
2016,"D",1,"22","Kauf",1,"J","Ja",119,"119","Seebach","40",9791,955000,42857670
2016,"D",1,"22","Kauf",1,"J","Ja",120,"12","Kreis 12","17",7946,1033000,13182000
2016,"D",1,"22","Kauf",1,"J","Ja",121,"121","Saatlen","1-3",6960,870000,870000
2016,"D",1,"22","Kauf",1,"J","Ja",122,"122","Schwamendingen-Mitte","5–7",5132,390000,2775000
2016,"D",1,"22","Kauf",1,"J","Ja",123,"123","Hirzenbach","9",9000,1121000,9537000
2017,"D",1,"22","Kauf",1,"J","Ja",0,"0","Ganze Stadt","546",12195,1287500,820960236
2017,"D",1,"22","Kauf",1,"J","Ja",10,"1","Kreis 1","6",14176,1330769,8410000
2017,"D",1,"22","Kauf",1,"J","Ja",11,"011","Rathaus","3–5",14176,1580000,7480000
2017,"D",1,"22","Kauf",1,"J","Ja",12,"012","Hochschulen","0",,,
2017,"D",1,"22","Kauf",1,"J","Ja",13,"013","Lindenhof","1-3",14308,930000,930000
2017,"D",1,"22","Kauf",1,"J","Ja",14,"014","City","0",,,
2017,"D",1,"22","Kauf",1,"J","Ja",20,"2","Kreis 2","41",14598,1805000,76412341
2017,"D",1,"22","Kauf",1,"J","Ja",21,"021","Wollishofen","13",12789,1215000,21775000
2017,"D",1,"22","Kauf",1,"J","Ja",23,"023","Leimbach","4",8612,895000,3810000
2017,"D",1,"22","Kauf",1,"J","Ja",24,"024","Enge","24",15676,2021651,50827341
2017,"D",1,"22","Kauf",1,"J","Ja",30,"3","Kreis 3","49",12588,1170000,65412000
2017,"D",1,"22","Kauf",1,"J","Ja",31,"031","Alt-Wiedikon","8",11902,1220000,11215000
2017,"D",1,"22","Kauf",1,"J","Ja",33,"033","Friesenberg","0",,,
2017,"D",1,"22","Kauf",1,"J","Ja",34,"034","Sihlfeld","41",12603,1170000,54197000
2017,"D",1,"22","Kauf",1,"J","Ja",40,"4","Kreis 4","11",10957,325000,5487500
2017,"D",1,"22","Kauf",1,"J","Ja",41,"041","Werd","0",,,
2017,"D",1,"22","Kauf",1,"J","Ja",42,"042","Langstrasse","1-3",11176,1520000,1520000
2017,"D",1,"22","Kauf",1,"J","Ja",44,"044","Hard","8–10",10084,307500,3967500
2017,"D",1,"22","Kauf",1,"J","Ja",50,"5","Kreis 5","86",10960,1271600,117914166
2017,"D",1,"22","Kauf",1,"J","Ja",51,"051","Gewerbeschule","2-6",11187,1632500,3265000
2017,"D",1,"22","Kauf",1,"J","Ja",52,"052","Escher Wyss","83–85",10909,1271600,114649166
2017,"D",1,"22","Kauf",1,"J","Ja",60,"6","Kreis 6","53",12843,1480000,84346433
2017,"D",1,"22","Kauf",1,"J","Ja",61,"061","Unterstrass","45",12571,1470000,67034333
2017,"D",1,"22","Kauf",1,"J","Ja",63,"063","Oberstrass","8",16734,2350050,17312100
2017,"D",1,"22","Kauf",1,"J","Ja",70,"7","Kreis 7","70",14013,1565000,130868795
2017,"D",1,"22","Kauf",1,"J","Ja",71,"071","Fluntern","25-29",16077,1580000,56994000
2017,"D",1,"22","Kauf",1,"J","Ja",72,"072","Hottingen","13",14356,1890000,29133795
2017,"D",1,"22","Kauf",1,"J","Ja",73,"073","Hirslanden","6",16396,1950000,11610000
2017,"D",1,"22","Kauf",1,"J","Ja",74,"074","Witikon","22",11124,1409000,33131000
2017,"D",1,"22","Kauf",1,"J","Ja",80,"8","Kreis 8","34-40",17098,2483922,106950380
2017,"D",1,"22","Kauf",1,"J","Ja",81,"081","Seefeld","5",16590,1907880,10352880
2017,"D",1,"22","Kauf",1,"J","Ja",82,"082","Mühlebach","9",16786,3100000,38530000
2017,"D",1,"22","Kauf",1,"J","Ja",83,"083","Weinegg","20",18076,2502500,58067500
2017,"D",1,"22","Kauf",1,"J","Ja",90,"9","Kreis 9","28-34",9351,783500,24255110
2017,"D",1,"22","Kauf",1,"J","Ja",91,"091","Albisrieden","12",9285,750000,9303110
2017,"D",1,"22","Kauf",1,"J","Ja",92,"092","Altstetten","16",9588,930000,14952000
2017,"D",1,"22","Kauf",1,"J","Ja",100,"10","Kreis 10","50-56",10541,927500,59753560
2017,"D",1,"22","Kauf",1,"J","Ja",101,"101","Höngg","31",10556,950000,37472500
2017,"D",1,"22","Kauf",1,"J","Ja",102,"102","Wipkingen","19",10526,920000,22281060
2017,"D",1,"22","Kauf",1,"J","Ja",110,"11","Kreis 11","110",11173,1064000,136170951
2017,"D",1,"22","Kauf",1,"J","Ja",111,"111","Affoltern","27",10532,900000,27049000
2017,"D",1,"22","Kauf",1,"J","Ja",115,"115","Oerlikon","44-48",12608,1597500,72761112
2017,"D",1,"22","Kauf",1,"J","Ja",119,"119","Seebach","35",9200,900000,36360839
2017,"D",1,"22","Kauf",1,"J","Ja",120,"12","Kreis 12","8-16",9004,592500,4979000
2017,"D",1,"22","Kauf",1,"J","Ja",121,"121","Saatlen","1–3",8681,625000,K
2017,"D",1,"22","Kauf",1,"J","Ja",122,"122","Schwamendingen-Mitte","4",9615,677000,2824000
2017,"D",1,"22","Kauf",1,"J","Ja",123,"123","Hirzenbach","1-3",8385,545000,545000
2018,"D",1,"22","Kauf",1,"J","Ja",0,"0","Ganze Stadt","584",11696,1172000,766011287
2018,"D",1,"22","Kauf",1,"J","Ja",10,"1","Kreis 1","4-12",22031,1562500,5985000
2018,"D",1,"22","Kauf",1,"J","Ja",11,"011","Rathaus","2-6",17531,1100000,2200000
2018,"D",1,"22","Kauf",1,"J","Ja",12,"012","Hochschulen","1-3",20000,1200000,1200000
2018,"D",1,"22","Kauf",1,"J","Ja",13,"013","Lindenhof","1-3",34467,2585000,2585000
2018,"D",1,"22","Kauf",1,"J","Ja",14,"014","City","0",,,
2018,"D",1,"22","Kauf",1,"J","Ja",20,"2","Kreis 2","113",9966,1060123,140603671
2018,"D",1,"22","Kauf",1,"J","Ja",21,"021","Wollishofen","89",9704,996000,99531171
2018,"D",1,"22","Kauf",1,"J","Ja",23,"023","Leimbach","7",9402,1100000,6800000
2018,"D",1,"22","Kauf",1,"J","Ja",24,"024","Enge","17",17454,2045000,34272500
2018,"D",1,"22","Kauf",1,"J","Ja",30,"3","Kreis 3","67",12099,1250000,78049750
2018,"D",1,"22","Kauf",1,"J","Ja",31,"031","Alt-Wiedikon","51",12216,1250000,60776990
2018,"D",1,"22","Kauf",1,"J","Ja",33,"033","Friesenberg","3-9",12048,695431,1870000
2018,"D",1,"22","Kauf",1,"J","Ja",34,"034","Sihlfeld","13–15",13563,1420000,15402760
2018,"D",1,"22","Kauf",1,"J","Ja",40,"4","Kreis 4","6",11395,1607000,8439000
2018,"D",1,"22","Kauf",1,"J","Ja",41,"041","Werd","0",,,
2018,"D",1,"22","Kauf",1,"J","Ja",42,"042","Langstrasse","3–5",11565,1650000,8019000
2018,"D",1,"22","Kauf",1,"J","Ja",44,"044","Hard","1-3",5000,420000,420000
2018,"D",1,"22","Kauf",1,"J","Ja",50,"5","Kreis 5","20",15161,1482500,34402000
2018,"D",1,"22","Kauf",1,"J","Ja",51,"051","Gewerbeschule","2-6",9324,460000,920000
2018,"D",1,"22","Kauf",1,"J","Ja",52,"052","Escher Wyss","17–19",15566,1492500,33482000
2018,"D",1,"22","Kauf",1,"J","Ja",60,"6","Kreis 6","49",13207,1589000,79987500
2018,"D",1,"22","Kauf",1,"J","Ja",61,"061","Unterstrass","18",13831,1617500,30502000
2018,"D",1,"22","Kauf",1,"J","Ja",63,"063","Oberstrass","31",13118,1589000,49485500
2018,"D",1,"22","Kauf",1,"J","Ja",70,"7","Kreis 7","84",12204,1377500,135565505
2018,"D",1,"22","Kauf",1,"J","Ja",71,"071","Fluntern","14",16166,2250000,34083033
2018,"D",1,"22","Kauf",1,"J","Ja",72,"072","Hottingen","15",15594,1807143,31644339
2018,"D",1,"22","Kauf",1,"J","Ja",73,"073","Hirslanden","4",11602,796667,4118333
2018,"D",1,"22","Kauf",1,"J","Ja",74,"074","Witikon","51",11325,1260000,65719800
2018,"D",1,"22","Kauf",1,"J","Ja",80,"8","Kreis 8","22",15642,1675000,42954298
2018,"D",1,"22","Kauf",1,"J","Ja",81,"081","Seefeld","1–3",16901,2400000,K
2018,"D",1,"22","Kauf",1,"J","Ja",82,"082","Mühlebach","6–8",16106,2225000,12065000
2018,"D",1,"22","Kauf",1,"J","Ja",83,"083","Weinegg","13",12687,1540000,24025000
2018,"D",1,"22","Kauf",1,"J","Ja",90,"9","Kreis 9","85",12073,1050000,95253568
2018,"D",1,"22","Kauf",1,"J","Ja",91,"091","Albisrieden","51",12027,1015000,57682818
2018,"D",1,"22","Kauf",1,"J","Ja",92,"092","Altstetten","34",12152,1060000,37570750
2018,"D",1,"22","Kauf",1,"J","Ja",100,"10","Kreis 10","40",11410,1100000,50404568
2018,"D",1,"22","Kauf",1,"J","Ja",101,"101","Höngg","27",10089,980490,34141790
2018,"D",1,"22","Kauf",1,"J","Ja",102,"102","Wipkingen","13",12361,1125000,16262778
2018,"D",1,"22","Kauf",1,"J","Ja",110,"11","Kreis 11","74",9444,877500,71115427
2018,"D",1,"22","Kauf",1,"J","Ja",111,"111","Affoltern","27",8533,940000,24270000
2018,"D",1,"22","Kauf",1,"J","Ja",115,"115","Oerlikon","15",11500,1050000,15665427
2018,"D",1,"22","Kauf",1,"J","Ja",119,"119","Seebach","32",9132,710000,31180000
2018,"D",1,"22","Kauf",1,"J","Ja",120,"12","Kreis 12","20",11059,1205000,23251000
2018,"D",1,"22","Kauf",1,"J","Ja",121,"121","Saatlen","1–3",10377,1100000,K
2018,"D",1,"22","Kauf",1,"J","Ja",122,"122","Schwamendingen-Mitte","17–19",11066,1310000,20241000
2018,"D",1,"22","Kauf",1,"J","Ja",123,"123","Hirzenbach","0",,,
2019,"D",1,"22","Kauf",1,"J","Ja",0,"0","Ganze Stadt","448",12622,1282500,633574414
2019,"D",1,"22","Kauf",1,"J","Ja",10,"1","Kreis 1","5",12857,379000,3969000
2019,"D",1,"22","Kauf",1,"J","Ja",11,"011","Rathaus","5",12857,379000,3969000
2019,"D",1,"22","Kauf",1,"J","Ja",12,"012","Hochschulen","0",,,
2019,"D",1,"22","Kauf",1,"J","Ja",13,"013","Lindenhof","0",,,
2019,"D",1,"22","Kauf",1,"J","Ja",14,"014","City","0",,,
2019,"D",1,"22","Kauf",1,"J","Ja",20,"2","Kreis 2","31",14851,1500000,50221500
2019,"D",1,"22","Kauf",1,"J","Ja",21,"021","Wollishofen","14",13392,1400000,20789000
2019,"D",1,"22","Kauf",1,"J","Ja",23,"023","Leimbach","7",6517,665000,5565000
2019,"D",1,"22","Kauf",1,"J","Ja",24,"024","Enge","10",16672,2145000,23867500
2019,"D",1,"22","Kauf",1,"J","Ja",30,"3","Kreis 3","17",10338,850000,16928861
2019,"D",1,"22","Kauf",1,"J","Ja",31,"031","Alt-Wiedikon","11–15",12391,850000,11196000
2019,"D",1,"22","Kauf",1,"J","Ja",33,"033","Friesenberg","1–3",8015,1050000,K
2019,"D",1,"22","Kauf",1,"J","Ja",34,"034","Sihlfeld","1–3",9130,630000,K
2019,"D",1,"22","Kauf",1,"J","Ja",40,"4","Kreis 4","6",15160,1465000,9425060
2019,"D",1,"22","Kauf",1,"J","Ja",41,"041","Werd","1-3",14412,1470000,1470000
2019,"D",1,"22","Kauf",1,"J","Ja",42,"042","Langstrasse","1–4",16996,1507530,7745060
2019,"D",1,"22","Kauf",1,"J","Ja",44,"044","Hard","1-3",7241,210000,210000
2019,"D",1,"22","Kauf",1,"J","Ja",50,"5","Kreis 5","42-46",17623,1865000,89542800
2019,"D",1,"22","Kauf",1,"J","Ja",51,"051","Gewerbeschule","14",18021,1807500,26005000
2019,"D",1,"22","Kauf",1,"J","Ja",52,"052","Escher Wyss","28-32",17470,1865000,63537800
2019,"D",1,"22","Kauf",1,"J","Ja",60,"6","Kreis 6","38",13845,1292500,54828200
2019,"D",1,"22","Kauf",1,"J","Ja",61,"061","Unterstrass","18-24",12356,981550,29190200
2019,"D",1,"22","Kauf",1,"J","Ja",63,"063","Oberstrass","14",15843,1705000,25638000
2019,"D",1,"22","Kauf",1,"J","Ja",70,"7","Kreis 7","100",15245,1550500,171497674
2019,"D",1,"22","Kauf",1,"J","Ja",71,"071","Fluntern","26",18183,1850000,52249000
2019,"D",1,"22","Kauf",1,"J","Ja",72,"072","Hottingen","11",14580,1500000,21259554
2019,"D",1,"22","Kauf",1,"J","Ja",73,"073","Hirslanden","25",17073,1575000,44403000
2019,"D",1,"22","Kauf",1,"J","Ja",74,"074","Witikon","38",12700,1430000,53586120
2019,"D",1,"22","Kauf",1,"J","Ja",80,"8","Kreis 8","15",14427,1595000,27305000
2019,"D",1,"22","Kauf",1,"J","Ja",81,"081","Seefeld","0",,,
2019,"D",1,"22","Kauf",1,"J","Ja",82,"082","Mühlebach","6",17019,1895000,13920000
2019,"D",1,"22","Kauf",1,"J","Ja",83,"083","Weinegg","9",12602,1505000,13385000
2019,"D",1,"22","Kauf",1,"J","Ja",90,"9","Kreis 9","46",11200,1095000,52364000
2019,"D",1,"22","Kauf",1,"J","Ja",91,"091","Albisrieden","21",9740,882000,19558000
2019,"D",1,"22","Kauf",1,"J","Ja",92,"092","Altstetten","25",12339,1250000,32806000
2019,"D",1,"22","Kauf",1,"J","Ja",100,"10","Kreis 10","42-46",12141,1350000,63250000
2019,"D",1,"22","Kauf",1,"J","Ja",101,"101","Höngg","39",12376,1350000,52935000
2019,"D",1,"22","Kauf",1,"J","Ja",102,"102","Wipkingen","7",11905,1120000,10315000
2019,"D",1,"22","Kauf",1,"J","Ja",110,"11","Kreis 11","72",9545,914567,68639068
2019,"D",1,"22","Kauf",1,"J","Ja",111,"111","Affoltern","38-42",9542,914567,35845000
2019,"D",1,"22","Kauf",1,"J","Ja",115,"115","Oerlikon","14",13788,984242,13480000
2019,"D",1,"22","Kauf",1,"J","Ja",119,"119","Seebach","20",9174,875519,19314068
2019,"D",1,"22","Kauf",1,"J","Ja",120,"12","Kreis 12","30",11029,790000,25603251
2019,"D",1,"22","Kauf",1,"J","Ja",121,"121","Saatlen","1-3",9958,1175000,1175000
2019,"D",1,"22","Kauf",1,"J","Ja",122,"122","Schwamendingen-Mitte","26",10951,767500,20348251
2019,"D",1,"22","Kauf",1,"J","Ja",123,"123","Hirzenbach","1–3",12069,1380000,K
2020,"D",1,"22","Kauf",1,"J","Ja",0,"0","Ganze Stadt","553",13100,1245000,811644128
2020,"D",1,"22","Kauf",1,"J","Ja",10,"1","Kreis 1","10",15626,1185442,13965159
2020,"D",1,"22","Kauf",1,"J","Ja",11,"011","Rathaus","1–3",18000,1200000,K
2020,"D",1,"22","Kauf",1,"J","Ja",12,"012","Hochschulen","0",,,
2020,"D",1,"22","Kauf",1,"J","Ja",13,"013","Lindenhof","7–9",12675,1170884,9765159
2020,"D",1,"22","Kauf",1,"J","Ja",14,"014","City","0",,,
2020,"D",1,"22","Kauf",1,"J","Ja",20,"2","Kreis 2","111",12640,1285000,162802589
2020,"D",1,"22","Kauf",1,"J","Ja",21,"021","Wollishofen","95",12704,1320000,138832589
2020,"D",1,"22","Kauf",1,"J","Ja",23,"023","Leimbach","9",8584,850000,7780000
2020,"D",1,"22","Kauf",1,"J","Ja",24,"024","Enge","7",18000,2400000,16190000
2020,"D",1,"22","Kauf",1,"J","Ja",30,"3","Kreis 3","50",11207,832072,53253203
2020,"D",1,"22","Kauf",1,"J","Ja",31,"031","Alt-Wiedikon","27",12275,749000,31354803
2020,"D",1,"22","Kauf",1,"J","Ja",33,"033","Friesenberg","0",,,
2020,"D",1,"22","Kauf",1,"J","Ja",34,"034","Sihlfeld","23",11207,862437,21898400
2020,"D",1,"22","Kauf",1,"J","Ja",40,"4","Kreis 4","4",10490,600000,2740000
2020,"D",1,"22","Kauf",1,"J","Ja",41,"041","Werd","0",,,
2020,"D",1,"22","Kauf",1,"J","Ja",42,"042","Langstrasse","1-3",15882,1350000,1350000
2020,"D",1,"22","Kauf",1,"J","Ja",44,"044","Hard","1–3",6552,190000,K
2020,"D",1,"22","Kauf",1,"J","Ja",50,"5","Kreis 5","27",17381,1700000,57782000
2020,"D",1,"22","Kauf",1,"J","Ja",51,"051","Gewerbeschule","7",19467,1284800,9760000
2020,"D",1,"22","Kauf",1,"J","Ja",52,"052","Escher Wyss","20",17154,1850000,48022000
2020,"D",1,"22","Kauf",1,"J","Ja",60,"6","Kreis 6","40",13852,1175000,58773205
2020,"D",1,"22","Kauf",1,"J","Ja",61,"061","Unterstrass","25",12742,995000,26514833
2020,"D",1,"22","Kauf",1,"J","Ja",63,"063","Oberstrass","15",15723,1980000,32258372
2020,"D",1,"22","Kauf",1,"J","Ja",70,"7","Kreis 7","114",14366,1625000,233446783
2020,"D",1,"22","Kauf",1,"J","Ja",71,"071","Fluntern","22",18087,2387500,57097500
2020,"D",1,"22","Kauf",1,"J","Ja",72,"072","Hottingen","21",17167,2550000,59737000
2020,"D",1,"22","Kauf",1,"J","Ja",73,"073","Hirslanden","16",17173,1970000,35365000
2020,"D",1,"22","Kauf",1,"J","Ja",74,"074","Witikon","55-59",11977,1465000,81247283
2020,"D",1,"22","Kauf",1,"J","Ja",80,"8","Kreis 8","23",18308,2025000,45472688
2020,"D",1,"22","Kauf",1,"J","Ja",81,"081","Seefeld","1-3",41594,2870000,2870000
2020,"D",1,"22","Kauf",1,"J","Ja",82,"082","Mühlebach","3-9",9751,990000,2950000
2020,"D",1,"22","Kauf",1,"J","Ja",83,"083","Weinegg","19",18472,2220000,39652688
2020,"D",1,"22","Kauf",1,"J","Ja",90,"9","Kreis 9","66",12396,717500,54184791
2020,"D",1,"22","Kauf",1,"J","Ja",91,"091","Albisrieden","22",10003,887500,19501967
2020,"D",1,"22","Kauf",1,"J","Ja",92,"092","Altstetten","44",12663,659559,34682825
2020,"D",1,"22","Kauf",1,"J","Ja",100,"10","Kreis 10","40-44",13467,1536500,60040000
2020,"D",1,"22","Kauf",1,"J","Ja",101,"101","Höngg","30",13207,1502500,43510000
2020,"D",1,"22","Kauf",1,"J","Ja",102,"102","Wipkingen","10",14542,1586500,16530000
2020,"D",1,"22","Kauf",1,"J","Ja",110,"11","Kreis 11","58",10522,970000,59740711
2020,"D",1,"22","Kauf",1,"J","Ja",111,"111","Affoltern","17",10313,929000,18307469
2020,"D",1,"22","Kauf",1,"J","Ja",115,"115","Oerlikon","19",13611,1225000,21278242
2020,"D",1,"22","Kauf",1,"J","Ja",119,"119","Seebach","22-26",9442,885000,20155000
2020,"D",1,"22","Kauf",1,"J","Ja",120,"12","Kreis 12","10",9646,1010000,9443000
2020,"D",1,"22","Kauf",1,"J","Ja",121,"121","Saatlen","2-6",12896,1035500,2071000
2020,"D",1,"22","Kauf",1,"J","Ja",122,"122","Schwamendingen-Mitte","5",8421,950000,4329000
2020,"D",1,"22","Kauf",1,"J","Ja",123,"123","Hirzenbach","3-9",9670,1025000,3043000
2021,"D",1,"22","Kauf",1,"J","Ja",0,"0","Ganze Stadt","820",13143,1233500,1153872571
2021,"D",1,"22","Kauf",1,"J","Ja",10,"1","Kreis 1","1–3",17862,490000,K
2021,"D",1,"22","Kauf",1,"J","Ja",11,"011","Rathaus","1–3",17862,490000,K
2021,"D",1,"22","Kauf",1,"J","Ja",12,"012","Hochschulen","0",,,
2021,"D",1,"22","Kauf",1,"J","Ja",13,"013","Lindenhof","0",,,
2021,"D",1,"22","Kauf",1,"J","Ja",14,"014","City","0",,,
2021,"D",1,"22","Kauf",1,"J","Ja",20,"2","Kreis 2","46",16354,1935000,95340798
2021,"D",1,"22","Kauf",1,"J","Ja",21,"021","Wollishofen","29",16642,1970000,60723000
2021,"D",1,"22","Kauf",1,"J","Ja",23,"023","Leimbach","5",13100,1310000,6641000
2021,"D",1,"22","Kauf",1,"J","Ja",24,"024","Enge","12",18972,2604167,27976798
2021,"D",1,"22","Kauf",1,"J","Ja",30,"3","Kreis 3","41",14198,1200000,52524830
2021,"D",1,"22","Kauf",1,"J","Ja",31,"031","Alt-Wiedikon","21",14275,1540000,32526569
2021,"D",1,"22","Kauf",1,"J","Ja",33,"033","Friesenberg","1-3",21379,620000,620000
2021,"D",1,"22","Kauf",1,"J","Ja",34,"034","Sihlfeld","17-19",9339,745455,19378261
2021,"D",1,"22","Kauf",1,"J","Ja",40,"4","Kreis 4","45",12161,424565,30079802
2021,"D",1,"22","Kauf",1,"J","Ja",41,"041","Werd","1-3",22000,2200000,2200000
2021,"D",1,"22","Kauf",1,"J","Ja",42,"042","Langstrasse","4–6",18336,1577500,8625000
2021,"D",1,"22","Kauf",1,"J","Ja",44,"044","Hard","31-38",11884,311788,19254802
2021,"D",1,"22","Kauf",1,"J","Ja",50,"5","Kreis 5","29",17892,2050000,67394345
2021,"D",1,"22","Kauf",1,"J","Ja",51,"051","Gewerbeschule","4",10479,1082213,4670345
2021,"D",1,"22","Kauf",1,"J","Ja",52,"052","Escher Wyss","25",17981,2210000,62724000
2021,"D",1,"22","Kauf",1,"J","Ja",60,"6","Kreis 6","53",16125,1174500,67803032
2021,"D",1,"22","Kauf",1,"J","Ja",61,"061","Unterstrass","32",16226,1270000,43100032
2021,"D",1,"22","Kauf",1,"J","Ja",63,"063","Oberstrass","21",14231,724200,24703000
2021,"D",1,"22","Kauf",1,"J","Ja",70,"7","Kreis 7","95",17434,1970000,208147462
2021,"D",1,"22","Kauf",1,"J","Ja",71,"071","Fluntern","30-34",18675,2020000,73229162
2021,"D",1,"22","Kauf",1,"J","Ja",72,"072","Hottingen","27–29",18813,2900000,82628300
2021,"D",1,"22","Kauf",1,"J","Ja",73,"073","Hirslanden","1-3",20633,3260000,8440000
2021,"D",1,"22","Kauf",1,"J","Ja",74,"074","Witikon","31-35",14208,1400000,43850000
2021,"D",1,"22","Kauf",1,"J","Ja",80,"8","Kreis 8","18",20588,2205000,40020000
2021,"D",1,"22","Kauf",1,"J","Ja",81,"081","Seefeld","4",23640,1775000,9400000
2021,"D",1,"22","Kauf",1,"J","Ja",82,"082","Mühlebach","9",18966,2130000,16475000
2021,"D",1,"22","Kauf",1,"J","Ja",83,"083","Weinegg","5",21053,2750000,14145000
2021,"D",1,"22","Kauf",1,"J","Ja",90,"9","Kreis 9","59",13585,1375000,79012313
2021,"D",1,"22","Kauf",1,"J","Ja",91,"091","Albisrieden","31",14190,1400000,46272313
2021,"D",1,"22","Kauf",1,"J","Ja",92,"092","Altstetten","28",11795,1312687,32740000
2021,"D",1,"22","Kauf",1,"J","Ja",100,"10","Kreis 10","80",13800,1315000,105348676
2021,"D",1,"22","Kauf",1,"J","Ja",101,"101","Höngg","62",13452,1450000,84357676
2021,"D",1,"22","Kauf",1,"J","Ja",102,"102","Wipkingen","18",15820,1125000,20991000
2021,"D",1,"22","Kauf",1,"J","Ja",110,"11","Kreis 11","341",11750,1153500,394450813
2021,"D",1,"22","Kauf",1,"J","Ja",111,"111","Affoltern","32",11082,985000,33854000
2021,"D",1,"22","Kauf",1,"J","Ja",115,"115","Oerlikon","17",12835,990000,18854000
2021,"D",1,"22","Kauf",1,"J","Ja",119,"119","Seebach","292",11724,1169250,341742813
2021,"D",1,"22","Kauf",1,"J","Ja",120,"12","Kreis 12","11-19",10833,1155000,12770500
2021,"D",1,"22","Kauf",1,"J","Ja",121,"121","Saatlen","4-12",9849,1022500,4105000
2021,"D",1,"22","Kauf",1,"J","Ja",122,"122","Schwamendingen-Mitte","6",11344,1152500,6965500
2021,"D",1,"22","Kauf",1,"J","Ja",123,"123","Hirzenbach","1-3",9942,1700000,1700000
2022,"D",1,"22","Kauf",1,"J","Ja",0,"0","Ganze Stadt","654",14610,1419077,1069669116
2022,"D",1,"22","Kauf",1,"J","Ja",10,"1","Kreis 1","7",18966,982000,7912000
2022,"D",1,"22","Kauf",1,"J","Ja",11,"011","Rathaus","1–3",18966,550000,K
2022,"D",1,"22","Kauf",1,"J","Ja",12,"012","Hochschulen","0",,,
2022,"D",1,"22","Kauf",1,"J","Ja",13,"013","Lindenhof","1–3",38667,982000,K
2022,"D",1,"22","Kauf",1,"J","Ja",14,"014","City","1-3",11450,1500000,1500000
2022,"D",1,"22","Kauf",1,"J","Ja",20,"2","Kreis 2","161-165",11915,1235500,216007679
2022,"D",1,"22","Kauf",1,"J","Ja",21,"021","Wollishofen","141",11882,1215000,174383679
2022,"D",1,"22","Kauf",1,"J","Ja",23,"023","Leimbach","6",9443,987583,6404000
2022,"D",1,"22","Kauf",1,"J","Ja",24,"024","Enge","14",19551,2350000,35220000
2022,"D",1,"22","Kauf",1,"J","Ja",30,"3","Kreis 3","25",16371,2085000,47525226
2022,"D",1,"22","Kauf",1,"J","Ja",31,"031","Alt-Wiedikon","20",16744,1965000,36149202
2022,"D",1,"22","Kauf",1,"J","Ja",33,"033","Friesenberg","2-6",11595,2898012,5796024
2022,"D",1,"22","Kauf",1,"J","Ja",34,"034","Sihlfeld","3-9",20508,2420000,5580000
2022,"D",1,"22","Kauf",1,"J","Ja",40,"4","Kreis 4","9",17368,1350000,14104000
2022,"D",1,"22","Kauf",1,"J","Ja",41,"041","Werd","0",,,
2022,"D",1,"22","Kauf",1,"J","Ja",42,"042","Langstrasse","6–8",17965,1675000,10604000
2022,"D",1,"22","Kauf",1,"J","Ja",44,"044","Hard","1–3",13366,1200000,K
2022,"D",1,"22","Kauf",1,"J","Ja",50,"5","Kreis 5","29",19412,1900000,59083176
2022,"D",1,"22","Kauf",1,"J","Ja",51,"051","Gewerbeschule","4",11325,707474,3005258
2022,"D",1,"22","Kauf",1,"J","Ja",52,"052","Escher Wyss","25",19907,1950000,56077918
2022,"D",1,"22","Kauf",1,"J","Ja",60,"6","Kreis 6","32",17213,1610000,62208912
2022,"D",1,"22","Kauf",1,"J","Ja",61,"061","Unterstrass","15",15500,1340000,21113912
2022,"D",1,"22","Kauf",1,"J","Ja",63,"063","Oberstrass","17",20000,2540000,41095000
2022,"D",1,"22","Kauf",1,"J","Ja",70,"7","Kreis 7","135",17188,1926175,281506205
2022,"D",1,"22","Kauf",1,"J","Ja",71,"071","Fluntern","45",19365,2320000,112179812
2022,"D",1,"22","Kauf",1,"J","Ja",72,"072","Hottingen","17",19559,2500000,46510199
2022,"D",1,"22","Kauf",1,"J","Ja",73,"073","Hirslanden","17",16618,1523521,30538294
2022,"D",1,"22","Kauf",1,"J","Ja",74,"074","Witikon","56",15173,1585900,92277900
2022,"D",1,"22","Kauf",1,"J","Ja",80,"8","Kreis 8","14-26",19660,2045000,31514000
2022,"D",1,"22","Kauf",1,"J","Ja",81,"081","Seefeld","1-3",40000,2400000,2400000
2022,"D",1,"22","Kauf",1,"J","Ja",82,"082","Mühlebach","4–6",19664,2342500,13820000
2022,"D",1,"22","Kauf",1,"J","Ja",83,"083","Weinegg","7",19167,1790000,15294000
2022,"D",1,"22","Kauf",1,"J","Ja",90,"9","Kreis 9","52",15174,1374525,72698089
2022,"D",1,"22","Kauf",1,"J","Ja",91,"091","Albisrieden","23",15140,1450000,34832935
2022,"D",1,"22","Kauf",1,"J","Ja",92,"092","Altstetten","29",15208,1302500,37865154
2022,"D",1,"22","Kauf",1,"J","Ja",100,"10","Kreis 10","93",14919,1630000,153695646
2022,"D",1,"22","Kauf",1,"J","Ja",101,"101","Höngg","79",15172,1640000,133027478
2022,"D",1,"22","Kauf",1,"J","Ja",102,"102","Wipkingen","14",13260,1434238,20668169
2022,"D",1,"22","Kauf",1,"J","Ja",110,"11","Kreis 11","86",12691,1306500,110855493
2022,"D",1,"22","Kauf",1,"J","Ja",111,"111","Affoltern","24",10886,1306500,32487000
2022,"D",1,"22","Kauf",1,"J","Ja",115,"115","Oerlikon","24",14928,1269500,27392882
2022,"D",1,"22","Kauf",1,"J","Ja",119,"119","Seebach","38",13234,1340556,50975611
2022,"D",1,"22","Kauf",1,"J","Ja",120,"12","Kreis 12","11-19",11906,970000,12558689
2022,"D",1,"22","Kauf",1,"J","Ja",121,"121","Saatlen","3–5",13235,1101845,5173689
2022,"D",1,"22","Kauf",1,"J","Ja",122,"122","Schwamendingen-Mitte","5",12946,725000,5473000
2022,"D",1,"22","Kauf",1,"J","Ja",123,"123","Hirzenbach","2-6",10953,956000,1912000
2023,"D",1,"22","Kauf",1,"J","Ja",0,"0","Ganze Stadt","633",15603,1455000,1023033205
2023,"D",1,"22","Kauf",1,"J","Ja",10,"1","Kreis 1","2-6",17573,760309,1520619
2023,"D",1,"22","Kauf",1,"J","Ja",11,"011","Rathaus","2-6",17573,760309,1520619
2023,"D",1,"22","Kauf",1,"J","Ja",12,"012","Hochschulen","0",,,
2023,"D",1,"22","Kauf",1,"J","Ja",13,"013","Lindenhof","0",,,
2023,"D",1,"22","Kauf",1,"J","Ja",14,"014","City","0",,,
2023,"D",1,"22","Kauf",1,"J","Ja",20,"2","Kreis 2","37",18053,1750000,66430300
2023,"D",1,"22","Kauf",1,"J","Ja",21,"021","Wollishofen","24",18044,1730000,42392523
2023,"D",1,"22","Kauf",1,"J","Ja",23,"023","Leimbach","3-9",13200,1650000,4610000
2023,"D",1,"22","Kauf",1,"J","Ja",24,"024","Enge","10–12",20133,2040000,19427777
2023,"D",1,"22","Kauf",1,"J","Ja",30,"3","Kreis 3","43",16875,1325000,66574578
2023,"D",1,"22","Kauf",1,"J","Ja",31,"031","Alt-Wiedikon","31",17742,1389000,51017900
2023,"D",1,"22","Kauf",1,"J","Ja",33,"033","Friesenberg","3-9",10395,751678,2136678
2023,"D",1,"22","Kauf",1,"J","Ja",34,"034","Sihlfeld","9–11",16875,1455000,13420000
2023,"D",1,"22","Kauf",1,"J","Ja",40,"4","Kreis 4","10–12",12829,697500,9112000
2023,"D",1,"22","Kauf",1,"J","Ja",41,"041","Werd","1-3",17679,990000,990000
2023,"D",1,"22","Kauf",1,"J","Ja",42,"042","Langstrasse","6",9868,855000,5985000
2023,"D",1,"22","Kauf",1,"J","Ja",44,"044","Hard","3–5",13834,464000,2137000
2023,"D",1,"22","Kauf",1,"J","Ja",50,"5","Kreis 5","21",20000,1900000,43620677
2023,"D",1,"22","Kauf",1,"J","Ja",51,"051","Gewerbeschule","1-3",24500,2940000,2940000
2023,"D",1,"22","Kauf",1,"J","Ja",52,"052","Escher Wyss","18–20",19798,1885000,40680677
2023,"D",1,"22","Kauf",1,"J","Ja",60,"6","Kreis 6","29",18684,1780000,51011444
2023,"D",1,"22","Kauf",1,"J","Ja",61,"061","Unterstrass","18",18222,1472797,28033444
2023,"D",1,"22","Kauf",1,"J","Ja",63,"063","Oberstrass","11",21600,2277477,22978000
2023,"D",1,"22","Kauf",1,"J","Ja",70,"7","Kreis 7","84",18178,1870000,171270921
2023,"D",1,"22","Kauf",1,"J","Ja",71,"071","Fluntern","14",20054,2357471,31795619
2023,"D",1,"22","Kauf",1,"J","Ja",72,"072","Hottingen","22",19268,2425000,55430000
2023,"D",1,"22","Kauf",1,"J","Ja",73,"073","Hirslanden","5",21111,1880000,10280000
2023,"D",1,"22","Kauf",1,"J","Ja",74,"074","Witikon","43",17586,1675000,73765302
2023,"D",1,"22","Kauf",1,"J","Ja",80,"8","Kreis 8","44",21034,2188000,108830512
2023,"D",1,"22","Kauf",1,"J","Ja",81,"081","Seefeld","2-6",21921,3277006,6554012
2023,"D",1,"22","Kauf",1,"J","Ja",82,"082","Mühlebach","25",22917,2717069,66072500
2023,"D",1,"22","Kauf",1,"J","Ja",83,"083","Weinegg","16–18",18538,1965000,36204000
2023,"D",1,"22","Kauf",1,"J","Ja",90,"9","Kreis 9","132",13404,1153000,170648531
2023,"D",1,"22","Kauf",1,"J","Ja",91,"091","Albisrieden","43",13844,1250000,61361811
2023,"D",1,"22","Kauf",1,"J","Ja",92,"092","Altstetten","89",11866,1100000,109286720
2023,"D",1,"22","Kauf",1,"J","Ja",100,"10","Kreis 10","62",17129,1797500,118054252
2023,"D",1,"22","Kauf",1,"J","Ja",101,"101","Höngg","31",16228,1730000,52030809
2023,"D",1,"22","Kauf",1,"J","Ja",102,"102","Wipkingen","31",19261,2200000,66023443
2023,"D",1,"22","Kauf",1,"J","Ja",110,"11","Kreis 11","118",12887,1230000,154699415
2023,"D",1,"22","Kauf",1,"J","Ja",111,"111","Affoltern","39",12125,1155000,47067275
2023,"D",1,"22","Kauf",1,"J","Ja",115,"115","Oerlikon","26",13925,902500,30982747
2023,"D",1,"22","Kauf",1,"J","Ja",119,"119","Seebach","53",13591,1345000,76649393
2023,"D",1,"22","Kauf",1,"J","Ja",120,"12","Kreis 12","50-54",12851,1252500,61259955
2023,"D",1,"22","Kauf",1,"J","Ja",121,"121","Saatlen","3-9",12500,1101000,2951000
2023,"D",1,"22","Kauf",1,"J","Ja",122,"122","Schwamendingen-Mitte","44–48",12960,1255000,55465000
2023,"D",1,"22","Kauf",1,"J","Ja",123,"123","Hirzenbach","1–3",10377,1100000,K
2024,"D",1,"22","Kauf",1,"J","Ja",0,"0","Ganze Stadt","672",16667,1475000,1100600645
2024,"D",1,"22","Kauf",1,"J","Ja",10,"1","Kreis 1","5-15",19672,1700000,9005000
2024,"D",1,"22","Kauf",1,"J","Ja",11,"011","Rathaus","1-3",40179,2250000,2250000
2024,"D",1,"22","Kauf",1,"J","Ja",12,"012","Hochschulen","2-6",14281,1200000,2400000
2024,"D",1,"22","Kauf",1,"J","Ja",13,"013","Lindenhof","1-3",40846,2655000,2655000
2024,"D",1,"22","Kauf",1,"J","Ja",14,"014","City","1-3",13600,1700000,1700000
2024,"D",1,"22","Kauf",1,"J","Ja",20,"2","Kreis 2","52-58",19744,2057500,116271491
2024,"D",1,"22","Kauf",1,"J","Ja",21,"021","Wollishofen","28-32",19744,2127500,62509879
2024,"D",1,"22","Kauf",1,"J","Ja",23,"023","Leimbach","6",10460,1025000,6245000
2024,"D",1,"22","Kauf",1,"J","Ja",24,"024","Enge","18",22125,2120606,47516612
2024,"D",1,"22","Kauf",1,"J","Ja",30,"3","Kreis 3","23",18416,1750000,40610429
2024,"D",1,"22","Kauf",1,"J","Ja",31,"031","Alt-Wiedikon","17",18200,1750000,31050429
2024,"D",1,"22","Kauf",1,"J","Ja",33,"033","Friesenberg","1-3",16400,1640000,1640000
2024,"D",1,"22","Kauf",1,"J","Ja",34,"034","Sihlfeld","3–5",19802,1860000,7920000
2024,"D",1,"22","Kauf",1,"J","Ja",40,"4","Kreis 4","18",21095,1792500,32625000
2024,"D",1,"22","Kauf",1,"J","Ja",41,"041","Werd","9",20762,2300000,20095000
2024,"D",1,"22","Kauf",1,"J","Ja",42,"042","Langstrasse","6–8",21429,1450000,10210000
2024,"D",1,"22","Kauf",1,"J","Ja",44,"044","Hard","2-6",23829,1160000,2320000
2024,"D",1,"22","Kauf",1,"J","Ja",50,"5","Kreis 5","31",19307,1750000,59323000
2024,"D",1,"22","Kauf",1,"J","Ja",51,"051","Gewerbeschule","5",14203,723014,3900000
2024,"D",1,"22","Kauf",1,"J","Ja",52,"052","Escher Wyss","26",19796,1870000,55423000
2024,"D",1,"22","Kauf",1,"J","Ja",60,"6","Kreis 6","34",19656,2277500,69262750
2024,"D",1,"22","Kauf",1,"J","Ja",61,"061","Unterstrass","16",17842,2245000,32866000
2024,"D",1,"22","Kauf",1,"J","Ja",63,"063","Oberstrass","18",20335,2327500,36396750
2024,"D",1,"22","Kauf",1,"J","Ja",70,"7","Kreis 7","73",18750,1953148,153609125
2024,"D",1,"22","Kauf",1,"J","Ja",71,"071","Fluntern","10",18868,2200000,20664000
2024,"D",1,"22","Kauf",1,"J","Ja",72,"072","Hottingen","25",21067,2431000,63982931
2024,"D",1,"22","Kauf",1,"J","Ja",73,"073","Hirslanden","6-10",22648,2177500,22460000
2024,"D",1,"22","Kauf",1,"J","Ja",74,"074","Witikon","28",15724,1600000,46502194
2024,"D",1,"22","Kauf",1,"J","Ja",80,"8","Kreis 8","31",21923,1900000,69714000
2024,"D",1,"22","Kauf",1,"J","Ja",81,"081","Seefeld","5",19643,1750000,9140000
2024,"D",1,"22","Kauf",1,"J","Ja",82,"082","Mühlebach","14",22294,2011000,33039000
2024,"D",1,"22","Kauf",1,"J","Ja",83,"083","Weinegg","12",21755,2216500,27535000
2024,"D",1,"22","Kauf",1,"J","Ja",90,"9","Kreis 9","160",16722,1354572,214513150
2024,"D",1,"22","Kauf",1,"J","Ja",91,"091","Albisrieden","118",16761,1344786,153957681
2024,"D",1,"22","Kauf",1,"J","Ja",92,"092","Altstetten","42",15173,1402500,60555469
2024,"D",1,"22","Kauf",1,"J","Ja",100,"10","Kreis 10","80",14286,1540000,124843973
2024,"D",1,"22","Kauf",1,"J","Ja",101,"101","Höngg","60",15134,1567644,97050657
2024,"D",1,"22","Kauf",1,"J","Ja",102,"102","Wipkingen","20",10376,1267263,27793316
2024,"D",1,"22","Kauf",1,"J","Ja",110,"11","Kreis 11","135",13800,1160000,169206399
2024,"D",1,"22","Kauf",1,"J","Ja",111,"111","Affoltern","25-29",12962,990000,25937342
2024,"D",1,"22","Kauf",1,"J","Ja",115,"115","Oerlikon","41",15652,1354850,53426272
2024,"D",1,"22","Kauf",1,"J","Ja",119,"119","Seebach","69",14138,1307000,89842784
2024,"D",1,"22","Kauf",1,"J","Ja",120,"12","Kreis 12","30",13759,1252500,41616329
2024,"D",1,"22","Kauf",1,"J","Ja",121,"121","Saatlen","2-6",10644,886875,1773750
2024,"D",1,"22","Kauf",1,"J","Ja",122,"122","Schwamendingen-Mitte","27",13902,1275000,37873348
2024,"D",1,"22","Kauf",1,"J","Ja",123,"123","Hirzenbach","1-3",10151,1969231,1969231
